{"means": [606613.2989247312, 156660.35698924732, 37944.38494623656, 35300.972043010755, 29381.378494623656, 23087.31182795699, 13879.815053763441, 8614.787096774193, 46.526881720430104, 54.744086021505375, 40.520430107526884, 53.71182795698925], "stds": [689843.1072595638, 252119.9733207877, 75617.14591199189, 82538.60778952859, 52459.54858961936, 37342.759968717604, 21381.260423135114, 13010.529241499731, 23.445196402725102, 17.699677795290977, 218.40106175602511, 20.52480193590271]}